,,Rev.1.00
1,"This time, thank you very much for your using the QE for TCP/IP V1.0.1 [technical preview version].",
2,"This release documentation, we have indicated this product installation and the questionnaire.",
3,Contents,
4,1. About QE for TCP/IP,2
5,1.1 Summary.,2
6,1.2 Supported Environment,2
7,1.3 Supported Microcontroller,2
8,1.4 Supported Library,2
9,1.5 Related Documents.,2
10,2. Installation and Uninstallation,3
11,2.1 Installing This Product,3
12,2.2 Uninstalling This Product.,3
13,3. About the Questionnaire of Technical Preview Version,4
14,3.1 Positioning of this product,4
15,3.2 Request for the Questionnaire after Using This Product,4
